,SP500_Return,SP500_Volatility,FedFunds,FedFunds_Change
SP500_Return,1.0,-0.3684967477084321,0.030276574381103045,0.005672407035767333
SP500_Volatility,-0.3684967477084321,1.0,-0.19323602393386635,-0.2362939598848042
FedFunds,0.030276574381103045,-0.19323602393386635,1.0,0.08983592268660175
FedFunds_Change,0.005672407035767333,-0.2362939598848042,0.08983592268660175,1.0
